location_id_num,location_id
3,3fd66200f964a52001e81ee3
24,3fd66200f964a5201deb1ee3
35,3fd66200f964a52029e61ee3
41,3fd66200f964a52034e81ee3
47,3fd66200f964a52036eb1ee3
90,3fd66200f964a5206ce41ee3
119,3fd66200f964a5209fe51ee3
120,3fd66200f964a5209fe71ee3
136,3fd66200f964a520b8ea1ee3
144,3fd66200f964a520c5f01ee3
150,3fd66200f964a520d1e31ee3
172,3fd66200f964a520e5e31ee3
184,3fd66200f964a520f7e51ee3
187,3fd66200f964a520ffe81ee3
191,4079dc00f964a52070f21ee3
194,40870b00f964a520b7f21ee3
198,409ad180f964a520eff21ee3
216,40ede000f964a5203c0a1fe3
226,4101a680f964a5205a0b1fe3
228,41059b00f964a520800b1fe3
229,4106ec80f964a5208f0b1fe3
231,41102700f964a520d60b1fe3
250,41818800f964a520db1d1fe3
255,41c0d000f964a5208e1e1fe3
278,42699000f964a52047211fe3
297,42893400f964a52052231fe3
300,42911d00f964a520f5231fe3
304,42af6f80f964a5205a251fe3
306,42b9fb80f964a5209b251fe3
313,42f15a80f964a520bf261fe3
335,43920486f964a520662b1fe3
349,43cbf323f964a520c52d1fe3
380,449955b7f964a52093341fe3
400,44e5e786f964a52073371fe3
410,4528a216f964a520173b1fe3
412,4530db29f964a520613b1fe3
420,4558b83bf964a5204b3d1fe3
454,462a6065f964a520d9451fe3
455,46615a4ff964a52064471fe3
459,467ffefcf964a52019481fe3
465,46b16b46f964a52098491fe3
467,46c981bcf964a520224a1fe3
469,46cb0dedf964a5202a4a1fe3
482,46ff98a7f964a520234b1fe3
484,47048266f964a5204f4b1fe3
491,475847d3f964a520cb4c1fe3
493,475bc01bf964a520d44c1fe3
498,47f39422f964a5209b4e1fe3
501,481a14a5f964a520734f1fe3
503,482af93cf964a520cd4f1fe3
516,48821a51f964a52033511fe3
519,48a1f305f964a5208d511fe3
522,48e0bd97f964a5201a521fe3
528,491ada01f964a52072521fe3
530,49a71dd1f964a520a0521fe3
532,49b15042f964a520d4521fe3
536,49b6d0b4f964a52012531fe3
540,49b87b8cf964a52044531fe3
545,49baa2cef964a5208d531fe3
560,49c046f1f964a5205b551fe3
564,49c224c6f964a520e2551fe3
568,49c3df11f964a52081561fe3
589,49ce4562f964a5202a5a1fe3
598,49d164f1f964a5207c5b1fe3
617,49da5fa7f964a5207e5e1fe3
636,49e4c784f964a52040631fe3
640,49e63a33f964a52023641fe3
656,49ee02e9f964a52010681fe3
668,49f1e1c7f964a520bd691fe3
670,49f33157f964a5206c6a1fe3
687,49f85cbbf964a520f26c1fe3
690,49fa353af964a520da6d1fe3
714,4a06f10df964a5200c731fe3
715,4a06f82df964a52010731fe3
729,4a0ce46ff964a52068751fe3
737,4a11d75df964a52050771fe3
750,4a19c1def964a520497a1fe3
753,4a1a3f6df964a5208b7a1fe3
770,4a27d8b3f964a5208c911fe3
777,4a304695f964a52044991fe3
778,4a31831df964a520e9991fe3
798,4a3966c7f964a520689f1fe3
819,4a414e48f964a52010a51fe3
827,4a43a242f964a5209da61fe3
838,4a45652cf964a52021a81fe3
842,4a468cd9f964a52015a91fe3
869,4a5519d5f964a520adb31fe3
873,4a5778a6f964a5202cb61fe3
897,4a5f5a54f964a52071bf1fe3
901,4a60baf0f964a52018c11fe3
946,4a6baeebf964a52099cf1fe3
957,4a6e34ccf964a52034d41fe3
973,4a72e5fef964a52050db1fe3
991,4a78b7faf964a5203ee61fe3
1001,4a7b8beaf964a52058eb1fe3
1039,4a84eb0af964a520e1fd1fe3
1053,4a89f04ef964a5206a0920e3
1054,4a8a998af964a5202b0a20e3
1061,4a8df0c5f964a5207e1120e3
1070,4a91768cf964a520441a20e3
1071,4a91817af964a520761a20e3
1075,4a92bca8f964a520811d20e3
1079,4a935020f964a5208a1f20e3
1086,4a95adabf964a520202420e3
1089,4a960143f964a520ce2520e3
1096,4a98863df964a5207e2c20e3
1103,4a99bbcdf964a520223020e3
1116,4a9d8f44f964a5207e3820e3
1121,4a9eb0e7f964a520e43a20e3
1130,4aa2d477f964a520484220e3
1141,4aa6ccdaf964a520064b20e3
1142,4aa71d89f964a520fa4b20e3
1150,4aa978eef964a520d65320e3
1153,4aaadceff964a520c35720e3
1162,4aad466df964a5206f5f20e3
1176,4ab2cd94f964a520756c20e3
1182,4ab5320cf964a5202b7320e3
1186,4ab6f209f964a5208e7920e3
1187,4ab7927bf964a5201f7a20e3
1205,4abab3bff964a5208b8220e3
1250,4acd1704f964a520d0ca20e3
1256,4acf7cadf964a52003d420e3
1258,4acfc371f964a520d2d520e3
1277,4ad4a7c0f964a52085e820e3
1289,4ad684abf964a520970721e3
1294,4ad778a8f964a520030b21e3
1312,4adc5ed9f964a520e42b21e3
1326,4add9cebf964a520246521e3
1328,4addedeaf964a520646621e3
1329,4addf75cf964a520d66621e3
1330,4addf875f964a520e66621e3
1343,4ae1cb15f964a520708721e3
1349,4ae2efbbf964a520b78f21e3
1353,4ae32479f964a520e09021e3
1361,4ae4eb45f964a5206e9f21e3
1364,4ae5e447f964a520eca221e3
1368,4ae6363ef964a520aba521e3
1369,4ae6f117f964a520a6a721e3
1375,4ae8fd76f964a520e1b321e3
1387,4aec28cdf964a5206bc521e3
1390,4aeda775f964a52003ce21e3
1416,4af5a46af964a520b5fa21e3
1422,4af8b51bf964a5204c0f22e3
1452,4b020fe5f964a5207e4722e3
1453,4b021b27f964a520bf4722e3
1464,4b0591e5f964a5204cdf22e3
1469,4b06d110f964a520c3f022e3
1473,4b0737c3f964a520e4f922e3
1478,4b08998bf964a520320f23e3
1497,4b0e1598f964a520c85423e3
1498,4b0e9ae4f964a520e05823e3
1503,4b105b45f964a520916e23e3
1506,4b11588cf964a520ab7a23e3
1517,4b14029ef964a520b39b23e3
1552,4b20ed51f964a5206c3524e3
1557,4b21e531f964a520424224e3
1569,4b256ab7f964a5209e7124e3
1583,4b2992aaf964a52010a124e3
1603,4b344fb5f964a520eb2625e3
1612,4b38c482f964a520275025e3
1623,4b3a52ccf964a520a36425e3
1627,4b3cd805f964a520218825e3
1658,4b48c4c9f964a5201e5626e3
1665,4b4b7d50f964a520c29d26e3
1695,4b51109ff964a5207c4027e3
1696,4b511a50f964a5208e4227e3
1698,4b515378f964a520f94a27e3
1705,4b522c69f964a520636d27e3
1716,4b53bf36f964a5201caa27e3
1726,4b55ec3bf964a520aaf627e3
1730,4b56856df964a520d21328e3
1734,4b572861f964a520ac2828e3
1744,4b586707f964a520225628e3
1751,4b5a8d8df964a5200fcb28e3
1767,4b5cb461f964a520813f29e3
1774,4b5e8cacf964a520519229e3
1776,4b5f3f33f964a520c8af29e3
1793,4b61c5adf964a520c1212ae3
1796,4b626532f964a520cb452ae3
1817,4b67b670f964a520af5b2be3
1826,4b69f608f964a5206abe2be3
1847,4b6fa3ddf964a520c3f82ce3
1852,4b709d01f964a5204c252de3
1857,4b719475f964a520d54e2de3
1871,4b760c72f964a5201a392ee3
1888,4b7d6f3df964a52009be2fe3
1899,4b813aa8f964a5205a9b30e3
1914,4b8577dff964a520e25f31e3
1950,4b9067acf964a520938833e3
1955,4b92a503f964a520160d34e3
1971,4b96cb85f964a5200ce534e3
1979,4b9925b3f964a520b66435e3
1992,4b9c7cf2f964a520006c36e3
2001,4b9fd7a5f964a520c94337e3
2012,4ba261cbf964a52050f337e3
2035,4ba8fa3df964a520ecff39e3
2040,4baaa3b7f964a520e37b3ae3
2041,4bab157bf964a52067943ae3
2049,4bae1d87f964a52011863be3
2068,4bb5ec1fef159c742c2b75f7
2087,4bbbfe5be5b0d13a9bdb6e7c
2102,4bbf4ef2b083a593232aa3e9
2108,4bc1feccf8219c74490fb410
2125,4bc5c26e5935c9b6984ca6d2
2127,4bc5f776db8fa59392819b37
2128,4bc620d7f360ef3b3532db2d
2134,4bc8422d0050b713e603ba3b
2160,4bcefaa529d4b713cd51a9dc
2168,4bd23b3fcaff95216c6ed2f0
2185,4bd716bd6798ef3b382c668d
2190,4bd842d2f645c9b63a77a7e0
2221,4be1dcc440c0ef3b2f5cbed6
2234,4be57840910020a19af8d214
2236,4be5a2e19026ef3b60c20a38
2257,4bf13b20b315c9b6a5bd93ff
2264,4bf3ee8098ac0f471d5c63a8
2297,4bfd9ae44cf820a1f5b6ecf4
2334,4c08325f6071a59359e5db32
2342,4c0babf57e3fc9286193f582
2353,4c1290c98aedd13a88515137
2359,4c150e5677cea5933283d160
2360,4c1538367f7f2d7fb620e268
2367,4c18fe064ff90f47d1370f49
2371,4c1956036a21c9b62b6bca97
2376,4c1a94bcb4e62d7f0c08d893
2384,4c1e250cb489b713deb1a9c7
2387,4c1ecb7db306c92801a667b7
2392,4c22beee99282d7f17b667b0
2422,4c33bc7216adc9286421c49c
2425,4c33d277452620a1cb46240f
2426,4c33e80116adc9280d75c49c
2452,4c3df53e6faac9b6c48a0d76
2462,4c448378429a0f4726d4481e
2467,4c4718995438b713d841b67b
2484,4c4f1f229932e21e70afdfce
2508,4c5c46329b28d13a664e5670
2520,4c623ec779d1e21e08cfd515
2525,4c64835a3f69c9b6ced788d9
2532,4c690deac946e21e6d21e98e
2545,4c6f9028b5fe952146446111
2555,4c744e26ff1fb60cb731f3a7
2565,4c79b79381bca093e689fe14
2590,4c8045d9d4e23704336f5388
2598,4c86a411e602b1f7a1f0c17a
2608,4c8ac04852a98cfa84992fe9
2626,4c94be6cefecb713958ae09d
2639,4c9d6ae32fb1a143c5ade040
2653,4cac775536fa6dcb16abde78
2659,4cb12bf4db32f04dbc72c64d
2668,4cb8544d90c9a143cb907ed6
2684,4cc35db6d43ba14387a35ff8
2690,4cc6053db3de9c74da0eb4c9
2692,4cc701aa01fb236ab070baba
2697,4ccae9f3ee23a143247313a8
2706,4cd05332f6378cfa197ab4d6
2711,4cd3f20d9828b60cc31ad884
2718,4cd7f12a7bb06dcb988d9fb2
2724,4cdac798d6656a315f36fc3e
2729,4cddbe60db125481b5322cce
2735,4ce16dc4ac908eec3e695a06
2758,4cf7b98781cd6dcb7340830d
2764,4d00f8ce3ea69eb0afd43649
2793,4d23c8e075526dcb204b04a9
2798,4d270f6d8292236ac1eb0bbb
2818,4d3c9ef499c22d43c7db614b
2821,4d3f31e005b8721e6bb9a437
2831,4d47001a0bcd2c0ffe9231a1
2843,4d532b096bc33704ea07ffd2
2844,4d53594c08a7b1f76ebf3192
2858,4d5bedbb5d153704613a6ce7
2867,4d668c5c838654818c8df953
2871,4d67b0ff8bc02c0f1a453332
2875,4d6d0aef8a4541bddd658ae5
2878,4d6dca43fbb8a1cde7006b0f
2885,4d78e23c0ddba35dd2904776
2892,4d7e74cde7e1721ef8cfe00b
2904,4d88e89226a36ea81a63d5ad
2907,4d8cf0c55234a09063b5aabd
2908,4d8d608dc1b1721e071f1846
2909,4d8ddbc3d4ec8cfa25856389
2928,4d99cbdc7cfc145660ac49f6
2935,4d9e7b18640b54812969cc2d
2961,4daca907f7b17c2b98513650
2968,4db54c734df05e5aaaeed7fd
2984,4dc34fc7ae608779d1064ae9
2988,4dc5fd8ed4c0ad9c0f9774a3
3008,4dd43ad9e4cd1c4babb579be
3010,4dd5b29781dcd5bca59494d9
3020,4dda5f517d8b32266434825b
3023,4ddb05fb8877102e8a85cc02
3041,4de45c45ae60e7f3ac1d7925
3045,4de78fdf1fc7fcfe04abdfd5
3051,4de8bb6d81dcbe67153d862d
3060,4def732fc65bf3f03e95ff6a
3065,4df1b62c52b100c2d7f339d5
3068,4df27e5ad22d8c5470da6596
3071,4df53b7bd4c01ff6b2f262ec
3072,4df67eed62e141c90761dac8
3076,4dfa70232271faf21fef862e
3078,4dfdcb64227185f38b9979e8
3090,4e04aa572271233b767de49e
3102,4e0cfe6ae4cd27fc7d21976c
3104,4e0dad39e4cd27fc7d276b93
3120,4e17c6cbc65b6bfb5908b462
3123,4e19c38514957dc705e3c599
3134,4e24577888774a43b786564c
3146,4e28161ce4cd6c6cb342b688
3147,4e282b71b61c9d28cbf19fa2
3149,4e286bb01fc7f0a6e14995a7
3155,4e2c85ccd164223a698d6b22
3157,4e2de053a8092ca5c37048b0
3173,4e3695d5483bf3839a3a0c1b
3180,4e398f21b61c438b54885703
3184,4e3cb594fa76455375af1684
3208,4e4dce43483bb77048f99eea
3215,4e512363a80997aa8a505108
3236,4e57bd3bb0fb4c4d61f4bc4d
3264,4e67f4e26365d0e7120734fb
3270,4e6a06081495acb0c68d2ca3
3280,4e6d188718381712da295c40
3295,4e734ad98998f94a582a5f5c
3311,4e7baab82c5bf851fdc1b4e0
3314,4e7e0c4161af6aae1575c4a2
3318,4e7f5f3e02d5abdf69133cf7
3333,4e8a2aa061aff1e909c59333
3342,4e8dc55bf790e886ae0fd1c6
3369,4ea33bdcb6347b996825dbca
3382,4eaf3e34722e4efd616ed4e1
3385,4eb1877fd3e36bac670d2898
3412,4ec546395c5c09569ba970f6
3422,4ecc005a9a52a6808627e69c
3424,4ecd466e722eff7fff40736b
3426,4ed0428a0e61efa330ea2780
3436,4ed6c15ee300234fec8ed987
3437,4ed712f3b8f7e740d0bae0e0
3445,4edae02c9911a3e78dd03897
3452,4edd03c9722e1da3055ce6e7
3459,4ee000ca2c5bb0e03e5a7d3e
3486,4ef217cc8b81368cf7ea50c3
3501,4f0226b200395214c70f902d
3509,4f09c266e4b0aa2dc7b04f86
3517,4f108fb3e4b0804e89617c7d
3529,4f1a558ae4b0d7904185f778
3532,4f1b5dd7e4b0e6badb952793
3550,4f297313754afd81930ef192
3552,4f2a6d55e4b04e33ba6416f9
3567,4f33f87fe4b02be5072cd47f
3572,4f36f004e4b0571dc6f83e7f
3602,4f516615e4b0195da2b45c54
3604,4f53022de4b02d0eb4152d42
3612,4f5907cce4b08e27a131e60f
3614,4f5b68a4e4b03a6a1160fbbb
3616,4f5b97ade4b07fef00a47c3a
3637,4f693f8de4b074b7daf6c0f2
3638,4f6b2a25e4b0803c8aaeab4c
3645,4f6f6335e4b0d4a5b24d839e
3647,4f7147c2e4b005ed80fa2d4f
3658,4f7db8eae4b021182169e8f0
3667,4f8c801fe4b0e5ed774c0951
3668,4f8d8da3e4b013d9a55014a3
3685,4f9c3302e4b0f1efa7ea0e56
3694,4fa2c66ae4b0dc1d01359ad5
3695,4fa35553e4b0b487cc7af3fc
3707,4faa72b2e4b0f00008ead41e
3708,4faa88a8e4b0dc75ba3d9f02
3715,4fb32404e4b0dda735a7ef18
3716,4fb62372e4b012942f03fcd2
3717,4fb62dcb4fc6cfd3cc2c1acc
3734,4fcbab78e4b0b8234c38cbe9
3737,4fcce5eae4b00d94c716cd92
3740,4fcf2c99bb3dbab410090975
3748,4fdb31fbe4b09756c153c42f
3758,4feb7c1ae4b056b6803745b2
3768,4ffbbad7e4b0017e79305e1d
3772,50071752e4b0921582576f29
3776,5010a01de4b034c3de895fce
3778,50129be3e4b0f164329daa1a
3782,501ec2b2e4b0abe6106743a7
3785,502764cee4b0c804532012b9
3795,504b2d46e4b027ee7e7d050c
3814,50aeda7b7ab4aecf17b12bd6
5,3fd66200f964a52004e41ee3
8,3fd66200f964a52008e91ee3
9,3fd66200f964a52008f11ee3
15,3fd66200f964a5200ce91ee3
19,3fd66200f964a52014eb1ee3
21,3fd66200f964a52016e51ee3
39,3fd66200f964a5202fe41ee3
42,3fd66200f964a52034ea1ee3
81,3fd66200f964a52061e41ee3
95,3fd66200f964a5206fe71ee3
96,3fd66200f964a52070e91ee3
100,3fd66200f964a52074e81ee3
101,3fd66200f964a5207eea1ee3
104,3fd66200f964a52084e51ee3
110,3fd66200f964a5208fe41ee3
112,3fd66200f964a52093e81ee3
138,3fd66200f964a520b9ea1ee3
163,3fd66200f964a520dcf01ee3
171,3fd66200f964a520e4e61ee3
173,3fd66200f964a520e7e61ee3
188,406dfe80f964a52048f21ee3
189,40749600f964a52051f21ee3
196,408da280f964a520d8f21ee3
203,40b68100f964a5207d001fe3
232,41156d00f964a520f40b1fe3
258,41f98080f964a520301f1fe3
264,4227a500f964a520c51f1fe3
282,42756d80f964a5207d211fe3
294,4283ee00f964a52085221fe3
320,43222200f964a5209a271fe3
323,434da380f964a520a4281fe3
333,438d6b12f964a520322b1fe3
351,43d9af53f964a520702e1fe3
353,43e371d2f964a520dd2e1fe3
361,440bdf9cf964a52079301fe3
368,4427bd00f964a520b6311fe3
370,44510be3f964a520a0321fe3
374,447bf8f1f964a520ec331fe3
388,44c91345f964a520f3351fe3
395,44e247eaf964a52028371fe3
401,44e9b421f964a520a5371fe3
405,4507026bf964a52019391fe3
418,4544401ff964a520623c1fe3
422,45699170f964a520e73d1fe3
429,4587e9aef964a520cf3f1fe3
437,45b24bbef964a520a5411fe3
483,4701165bf964a520384b1fe3
496,47e100b9f964a520414e1fe3
497,47ea2d31f964a520644e1fe3
520,48c50c4bf964a520dc511fe3
527,49059e24f964a5205d521fe3
557,49becfd3f964a520e0541fe3
559,49bee48bf964a520ed541fe3
562,49c180edf964a520af551fe3
575,49c826cbf964a520fa571fe3
576,49c853f7f964a52015581fe3
590,49ce7cb3f964a520495a1fe3
607,49d675c5f964a520d15c1fe3
612,49d8c05df964a520c95d1fe3
632,49e3b1dff964a520b7621fe3
634,49e4a677f964a52014631fe3
638,49e4ec34f964a5206e631fe3
663,49ef508ff964a5209a681fe3
666,49f15227f964a520a5691fe3
703,4a01d7b8f964a52001711fe3
707,4a0203cef964a52024711fe3
711,4a047a18f964a520ff711fe3
722,4a083214f964a520a3731fe3
726,4a0b04dcf964a520ba741fe3
741,4a149749f964a52055781fe3
760,4a1f42aff964a520167c1fe3
773,4a2bfc41f964a52000971fe3
781,4a32c3f9f964a5208c9a1fe3
783,4a3304bcf964a520f29a1fe3
793,4a36c1b9f964a520dd9d1fe3
801,4a3d29e6f964a520e6a11fe3
806,4a3e88a9f964a52006a31fe3
814,4a411158f964a520baa41fe3
825,4a426f82f964a520dca51fe3
836,4a453e4cf964a520f1a71fe3
847,4a49212cf964a52004ab1fe3
872,4a560cd1f964a5205cb41fe3
878,4a58b908f964a520b7b71fe3
893,4a5e4c09f964a52055be1fe3
911,4a635e65f964a520e3c41fe3
923,4a66f31af964a520dcc81fe3
927,4a676435f964a52054c91fe3
931,4a68c335f964a520f3ca1fe3
967,4a70ef9cf964a520d0d81fe3
970,4a723060f964a5208cda1fe3
977,4a746f9bf964a52023de1fe3
984,4a773e0df964a520f1e31fe3
996,4a79f20cf964a52013e81fe3
998,4a7a0832f964a5203ce81fe3
1008,4a7dff4df964a52091f01fe3
1012,4a7f4eb1f964a520a5f31fe3
1023,4a81a364f964a5201bf71fe3
1030,4a83377df964a52064fa1fe3
1032,4a834daff964a520b3fa1fe3
1034,4a84249ef964a520c8fb1fe3
1066,4a902fa5f964a520671620e3
1067,4a9073c0f964a520f31720e3
1091,4a96a056f964a520672620e3
1095,4a97f535f964a520f92920e3
1100,4a998174f964a520b62e20e3
1102,4a9998b2f964a520552f20e3
1122,4a9ee901f964a520c03b20e3
1143,4aa7a44ef964a520e44c20e3
1146,4aa868abf964a520295120e3
1161,4aabea99f964a520ec5a20e3
1164,4aad5579f964a520c05f20e3
1169,4aafca84f964a520bc6420e3
1171,4ab103f0f964a520c66720e3
1175,4ab26766f964a520146b20e3
1191,4ab7e859f964a5206f7b20e3
1197,4ab94773f964a520c07e20e3
1298,4ad7cb6af964a520ce0e21e3
1335,4adf741bf964a520b37a21e3
1337,4adfb640f964a520e57c21e3
1338,4ae0a415f964a5202e8121e3
1340,4ae0c9e6f964a5207f8221e3
1344,4ae1ed7cf964a520d58821e3
1365,4ae6258af964a52013a521e3
1377,4ae9143ef964a5204bb421e3
1379,4aea1121f964a52008b921e3
1381,4aea3768f964a52044ba21e3
1382,4aea4ec4f964a520eaba21e3
1398,4aef64e7f964a52016d821e3
1400,4af0d533f964a52091df21e3
1402,4af12cb7f964a520d3e021e3
1412,4af3318cf964a5209ceb21e3
1428,4afa22cff964a520fd1622e3
1450,4b01b98df964a520e04422e3
1455,4b02e0c9f964a5209d4a22e3
1499,4b0ff4a0f964a520b16623e3
1504,4b10630bf964a5204a6f23e3
1509,4b11c14ff964a520ef8323e3
1521,4b15385cf964a5207da923e3
1522,4b15b66bf964a52015b323e3
1526,4b17e419f964a52051c923e3
1528,4b186023f964a520bbd123e3
1544,4b1e78c2f964a520461a24e3
1546,4b1f3cccf964a520122524e3
1561,4b23af24f964a5200f5824e3
1564,4b24227df964a520ea6124e3
1565,4b243fd3f964a520a96424e3
1566,4b244b63f964a520766524e3
1575,4b280e7cf964a520568e24e3
1581,4b292e73f964a5207b9a24e3
1594,4b2fc073f964a5201aef24e3
1595,4b2fdedaf964a520a3f124e3
1599,4b338c20f964a520981a25e3
1615,4b390cf4f964a5201c5525e3
1616,4b39446cf964a520655925e3
1626,4b3bf3f3f964a520187f25e3
1639,4b42a10ef964a520cdd725e3
1644,4b44b650f964a5201afa25e3
1660,4b492c2df964a520d06826e3
1663,4b4b3863f964a520be9426e3
1672,4b4c888df964a52062b526e3
1677,4b4dd4b4f964a520d0d826e3
1679,4b4e4b71f964a5206de826e3
1685,4b4f3d64f964a5206cfe26e3
1686,4b4f4015f964a520b5fe26e3
1692,4b50a898f964a520dd2b27e3
1710,4b53367af964a5208e9227e3
1723,4b54f3d6f964a520ecd427e3
1725,4b55b2b1f964a52045ec27e3
1731,4b56ebc0f964a520511f28e3
1732,4b570791f964a5207f2328e3
1739,4b575c8df964a520993328e3
1760,4b5b7472f964a5204aff28e3
1761,4b5b78b4f964a520c40029e3
1768,4b5cb8baf964a520864029e3
1778,4b5f653df964a520e0b729e3
1780,4b5fbcf0f964a520b2ca29e3
1804,4b64e55df964a52032d82ae3
1824,4b696ecdf964a5201fa22be3
1838,4b6d7534f964a52093752ce3
1848,4b6ffcb4f964a52068022de3
1849,4b704bbcf964a520b7102de3
1854,4b70db37f964a520d3312de3
1856,4b7174f3f964a5209b472de3
1867,4b755c75f964a52038082ee3
1884,4b7c9fe1f964a520559e2fe3
1893,4b7f0390f964a520611030e3
1905,4b82efaef964a5202fee30e3
1927,4b89a6d6f964a5203d4932e3
1933,4b8baecef964a520d8a632e3
1939,4b8d18c5f964a520b7e732e3
1948,4b8fbf80f964a5202a6033e3
1966,4b959293f964a5201eaa34e3
1967,4b9673caf964a52011cd34e3
1993,4b9db320f964a520dcba36e3
2011,4ba257e3f964a52038ef37e3
2019,4ba5040cf964a520c6d038e3
2064,4bb3f3f80cbcef3b5d8a582a
2095,4bbd8213a8cf76b0e5e9b1fd
2098,4bbe4a11a8449c742cee8321
2104,4bc09001461576b0ee487a32
2109,4bc259d4920eb713a3211c2c
2120,4bc535885935c9b618baa5d2
2121,4bc53e2b6c26b7139a26ebf3
2131,4bc743d68b7c9c74df1536cf
2132,4bc779d992b376b07cca4f3a
2138,4bc8f5db0687ef3b970ad9cc
2148,4bcb54a23740b7132e426265
2151,4bcc5782fb84c9b6422a203e
2164,4bd1a262a8b3a593ae06665f
2167,4bd2374bcaff9521f662d2f0
2184,4bd6f47d29eb9c7462db95e1
2192,4bd9e2225f34b713dde03579
2195,4bdad87c3904a593608d479e
2255,4befd221d4e4d13a769715a7
2270,4bf54a01cad2c9285dd69c99
2303,4bfec352daf9c9b64038f9ef
2318,4c02ec6bf56c2d7f442f1c66
2320,4c042894f423a593373ed116
2330,4c069355cf8c76b065b43a65
2332,4c080a48009a0f47db78e5bf
2362,4c176109f693b7139f0f5f54
2369,4c193136834e2d7f69042a80
2377,4c1b572a8b3aa59345fa965f
2381,4c1cfae7b4e62d7f30e7db93
2385,4c1ea0038b3aa59396659c5f
2401,4c2a81398abca59393c8fe1f
2420,4c33727a66e40f478904c88b
2440,4c3884bb18e72d7f606a18f5
2453,4c3e2f3e80bc20a193a8aa58
2456,4c40d709a48d9c74ab6c0c40
2463,4c44d61e429a0f478050491e
2468,4c471a5a96abd13a889e6f01
2503,4c5a10faf346c9284c464eca
2528,4c65c855e2ee9c746794312f
2534,4c6985928d22c9284776b745
2571,4c7bb8f683a7bfb7f65f8df8
2581,4c7e428dd598a093cd23c562
2609,4c8bcae7c37a6dcb2c15f17a
2611,4c8bf1cbed3ab60c95236321
2627,4c955b3558d4b60c06d03129
2631,4c98aeeed799a1cddc24b452
2641,4ca38721d7c337043fc0a162
2663,4cb44b51eb65b1f7fcc888cd
2678,4cbf4cdb19ceb1f7039822cd
2683,4cc2ff0682388cfa2c686435
2686,4cc3a87a1e596dcbe665cc67
2691,4cc6e7d2f49676b0ba4674d5
2703,4cced0adaa25a35dcbbf220f
2704,4ccf295f7b6854814e14baf8
2712,4cd4802467adf04d9aa22791
2715,4cd5686d2944b1f7e2ba5cec
2728,4cdc8c7699026dcb4a0c1481
2736,4ce29677aba88cfa7d235cd7
2738,4ce44fc14eb46a314b225ba3
2745,4ce86f18f1c6236afae35ff0
2748,4cec18dc678aa093a52dfcea
2752,4cf1a69a1d18a143dcf754ec
2786,4d1a880b1683a14310747551
2800,4d29d6d7849f37041b5b8241
2813,4d36633e6e1359410c300081
2817,4d3a43f8bf6d54816f7bcbe1
2820,4d3ed116557d6dcb4c375244
2829,4d44de972e326ea872f8e8a6
2876,4d6d381ed5d93704a691cdf9
2877,4d6d3e88da06a1cdaad8a75b
2884,4d7511de170ab1f70edcfc94
2890,4d7d6a09e04d6ea88b2b0dd6
2896,4d838e0940a7a35d987ef8bd
2954,4da8800143a12d0c26532ae7
2963,4db12e95a86e63d21166092b
2971,4db83fdcfa8c377d83ba8dc5
2981,4dbb2a900437955ec0104c46
2992,4dc87d6ab0fbf26798b68206
3021,4dda977ad22d38ef4332c419
3026,4ddc9302887775ea9c44a155
3067,4df27137ae609e69dd95ef3f
3097,4e091defc65b5bf27799fbed
3099,4e0977b87d8b2a0180676fa4
3132,4e20589f483b041af1e0fa98
3133,4e220e09ae6015b212acbc5b
3139,4e2603571f6e58da2b1b6495
3143,4e272673b0fb1fae1ddaf462
3154,4e2bada17d8b7deda6d3fda6
3181,4e3ab921b3ade614e1275a0c
3182,4e3ae8a418a80688f96d7583
3194,4e45bca962845e1d3c88924e
3196,4e4712d7b61c03d0cd158c78
3233,4e57a6cf18382ada066fc343
3241,4e5c09011f6e89370a22a4e1
3247,4e5e96dbd4c08cf7f58fe276
3251,4e602d907d8b854088aa523c
3275,4e6b670f45ddadf2d0e3002d
3281,4e6dfab3b61cf2b03c254994
3306,4e798074a809c2cd9bc5ce4c
3323,4e807bdd77c8b3558801aaa0
3334,4e8b3f4a49018e036104ed85
3346,4e91026302d5ee38b70532fe
3363,4e9ece470aaf5cc08f9fb6aa
3371,4ea4acaab80355a982afff79
3375,4ea6dd5fb8f7b8a60b6c4904
3390,4eb5e354b8f786e2756cb884
3402,4ebfc172b8f7963bcdb110b3
3405,4ec1e417f5b9abc8bcde8598
3408,4ec34517722e5b8e03d67d9c
3417,4ec7c0f5722e143796a232c3
3442,4eda64ced5fb8f213a5d740e
3449,4edcdb680e011b46f14b9b17
3462,4ee0eb7f1081e7177cac10b0
3473,4eeb4c51775b1d4812e0261c
3496,4efd28368231bcb7014c0a64
3505,4f05d6a1e3002adb76a57deb
3514,4f0f97e0e4b0fd294c8e429c
3530,4f1af1e6e5e85dca13107267
3534,4f1c4386e4b08fa665a1598a
3543,4f2492eae4b0085e4a289f30
3554,4f2b1d1de4b016757646b1da
3556,4f2bb40fe4b0571e1cccb3b6
3563,4f318c84e5e8657f88d830ac
3565,4f3370e6e4b0de3f8581757d
3585,4f3e757ee4b038a0550cd6df
3586,4f3f1c677beb0c912e6018ae
3639,4f6b4fdce4b0f7fc54a574f2
3640,4f6bd56de4b03cbd0ec369ee
3701,4fa5f076e4b041937658d3ea
3710,4fae5867e4b091b462a96176
3721,4fba81e5e4b08bf7c71b374f
3723,4fbd9dbbe4b0059acac76ef8
3731,4fc7f3dfe4b0896b9f093264
3736,4fcc412ae4b09949e49201c8
3739,4fcd709f6b74fbb96faee284
3773,50078af8e4b0e7f7bf018640
3774,5009e918e4b0ddfaa6625df9
3789,502e6bb9e4b00d67ee187a29
3792,5037f91716483e7c34e865a0
3801,506ca173e4b07f11ee8b0443
3813,50ad65d5e4b0bc45ee102a57
6,3fd66200f964a52004e61ee3
20,3fd66200f964a52015e91ee3
22,3fd66200f964a52017e31ee3
64,3fd66200f964a52048e81ee3
73,3fd66200f964a52056ee1ee3
74,3fd66200f964a52057e91ee3
78,3fd66200f964a5205deb1ee3
83,3fd66200f964a52065ea1ee3
93,3fd66200f964a5206de91ee3
103,3fd66200f964a52081e71ee3
105,3fd66200f964a52084ea1ee3
114,3fd66200f964a52096e91ee3
123,3fd66200f964a520a5e41ee3
124,3fd66200f964a520a7e31ee3
131,3fd66200f964a520aee81ee3
132,3fd66200f964a520b6e41ee3
139,3fd66200f964a520bbe61ee3
142,3fd66200f964a520c0e41ee3
145,3fd66200f964a520c5f11ee3
157,3fd66200f964a520d9f11ee3
160,3fd66200f964a520dbe81ee3
182,3fd66200f964a520f6ea1ee3
190,4075e780f964a52056f21ee3
220,40fb0f00f964a520d90a1fe3
238,412e7980f964a520f80c1fe3
242,41575800f964a520321d1fe3
265,422b9980f964a520cf1f1fe3
272,42474900f964a52081201fe3
279,42699000f964a52049211fe3
281,42717900f964a5206f211fe3
296,4283ee00f964a520ce221fe3
303,42a39200f964a520e6241fe3
336,4393dd78f964a520782b1fe3
338,439ab2a9f964a520d12b1fe3
343,43a72ba0f964a520672c1fe3
362,440d6b93f964a5208b301fe3
365,44193e5af964a52022311fe3
379,4498142ff964a52090341fe3
433,45a51c02f964a520fa401fe3
443,45e94762f964a52071431fe3
475,46d41aa8f964a520604a1fe3
477,46dda121f964a520924a1fe3
479,46ea2358f964a520cf4a1fe3
504,482c4142f964a520d14f1fe3
507,4840fef8f964a52031501fe3
525,48f1a197f964a52042521fe3
529,499dea48f964a5208c521fe3
531,49b0c608f964a520cd521fe3
539,49b80795f964a52034531fe3
551,49bc3b0af964a52020541fe3
582,49cbb6f9f964a5200f591fe3
588,49cdac4cf964a5200e5a1fe3
594,49cfef8cf964a520e65a1fe3
599,49d18dfdf964a5208f5b1fe3
605,49d4ce02f964a5204e5c1fe3
621,49dc8ffef964a520985f1fe3
624,49de0156f964a52021601fe3
644,49e79ffdf964a520e3641fe3
679,49f4c2a2f964a5204c6b1fe3
685,49f75667f964a5208b6c1fe3
757,4a1c91b1f964a520527b1fe3
763,4a229fa8f964a520797d1fe3
784,4a33eb53f964a5206a9b1fe3
789,4a356654f964a520f19c1fe3
792,4a3648e2f964a520799d1fe3
812,4a40f778f964a520afa41fe3
826,4a4370ecf964a52089a61fe3
844,4a478d19f964a520d2a91fe3
848,4a4925b7f964a52008ab1fe3
850,4a496b05f964a5204dab1fe3
854,4a4cc69df964a52040ad1fe3
859,4a50fd41f964a5205fb01fe3
864,4a52afccf964a520e9b11fe3
882,4a5a0495f964a520a4b91fe3
884,4a5a62dff964a52041ba1fe3
889,4a5d186ff964a5202bbd1fe3
930,4a689777f964a520a0ca1fe3
983,4a7717adf964a5208ee31fe3
986,4a774f23f964a5201fe41fe3
1014,4a7fe4e2f964a5208ef41fe3
1017,4a809c7df964a520b2f51fe3
1033,4a836d3bf964a5201dfb1fe3
1038,4a84a4e5f964a52036fd1fe3
1063,4a8ed014f964a520bd1220e3
1064,4a8ff4acf964a520b71520e3
1065,4a90286ef964a520451620e3
1080,4a942a25f964a520972020e3
1084,4a954328f964a520cf2220e3
1085,4a959138f964a520b02320e3
1094,4a97e23df964a520db2920e3
1099,4a991c59f964a520662d20e3
1109,4a9bc45ef964a5202f3520e3
1129,4aa044d9f964a520ee3e20e3
1144,4aa7dd7af964a520b14d20e3
1152,4aaa7709f964a520105620e3
1168,4aafba97f964a520946420e3
1178,4ab3163bf964a520766d20e3
1196,4ab939f0f964a520967e20e3
1207,4abbcdc9f964a520028520e3
1210,4abc3ed5f964a520e48620e3
1233,4ac6bb7ff964a52014b620e3
1255,4acf58baf964a52028d320e3
1259,4acfd8bef964a52069d620e3
1262,4ad0d761f964a5204ada20e3
1267,4ad35d08f964a520fae320e3
1268,4ad35d4df964a520fde320e3
1269,4ad35de9f964a520ffe320e3
1290,4ad71c45f964a520b50821e3
1296,4ad78220f964a520960b21e3
1305,4ad9f3b3f964a520431c21e3
1356,4ae3437df964a5208b9221e3
1397,4aeee85af964a520a2d421e3
1421,4af841f6f964a520b00b22e3
1429,4afad275f964a520d51822e3
1437,4afd70e5f964a520d42722e3
1439,4afd78c6f964a520012822e3
1444,4afefbe2f964a5207b3222e3
1454,4b02c41cf964a520c14922e3
1461,4b047a25f964a5207d5422e3
1472,4b072e3ff964a520fff822e3
1477,4b085910f964a520b90923e3
1487,4b0b1b41f964a520fd2c23e3
1491,4b0c09cbf964a520ff3523e3
1494,4b0cb04df964a520054123e3
1496,4b0dfed1f964a520a95323e3
1518,4b140f46f964a5209e9c23e3
1539,4b1c683af964a520060724e3
1558,4b228503f964a520394824e3
1579,4b29234cf964a520779924e3
1591,4b2da0ddf964a520c9d924e3
1606,4b3613a9f964a520013025e3
1611,4b37ae69f964a5203c4425e3
1651,4b464af8f964a520c01c26e3
1676,4b4d04e2f964a520fdc726e3
1689,4b4fd6d6f964a5203b1727e3
1690,4b4fd71df964a520401727e3
1697,4b511e75f964a520654327e3
1699,4b5175f7f964a520bc4d27e3
1711,4b535928f964a520829827e3
1713,4b538c3cf964a520a4a127e3
1722,4b54d362f964a52058ce27e3
1754,4b5b2f71f964a52080e928e3
1765,4b5c8c80f964a520ea3529e3
1789,4b61052df964a52066062ae3
1797,4b63658af964a520de762ae3
1818,4b68283bf964a5209c692be3
1819,4b688176f964a520b47c2be3
1820,4b68901ff964a5201c802be3
1825,4b69efa9f964a52014bd2be3
1865,4b740e31f964a520b2c52de3
1866,4b7513bff964a52036fd2de3
1875,4b77007bf964a5204b732ee3
1881,4b79cb4af964a5207a122fe3
1890,4b7de017f964a52049d82fe3
1894,4b7f1473f964a520fb1430e3
1895,4b7ffc10f964a520a74830e3
1896,4b8023c7f964a520cd5530e3
1904,4b82e4cbf964a52081eb30e3
1920,4b865064f964a520ac8531e3
1932,4b8b28b2f964a520869532e3
1935,4b8c205cf964a52081bf32e3
1953,4b919713f964a52006c833e3
1964,4b9553a8f964a520999c34e3
1988,4b9ad23ef964a52006d935e3
2003,4ba02868f964a520615e37e3
2015,4ba37c86f964a520414138e3
2020,4ba50a3ef964a5204cd438e3
2034,4ba8dcd2f964a52019f539e3
2051,4bae4283f964a520e1993be3
2096,4bbde0814e069c74f1399fe3
2110,4bc3670fb492d13a9bb2a860
2123,4bc5b5525935c9b6b137a6d2
2130,4bc73ace0050b713623eb83b
2140,4bc91d7d937ca593f851a592
2154,4bcdd0a6fb84c9b61c98223e
2173,4bd47db329eb9c74c3ac91e1
2175,4bd5803a4e32d13a7be0c080
2186,4bd7282e5631c9b6e315a730
2189,4bd75116304fce72985e33ab
2193,4bd9efa32a3a0f473cf9a8b6
2214,4be09ab1724d76b0699c8538
2219,4be1d2ad4283c9b62d9d54f8
2230,4be42d27d4f7c9b6bcc02320
2250,4bec4fb69a7bd13a5b308868
2263,4bf1f71ad39ad13a49e6aa0e
2289,4bfac18f5317a593fd1c037f
2291,4bfbd408f214a59364abaf0e
2296,4bfd7c4bb68d0f4785dbe857
2306,4bff4281daf9c9b68c0cfaef
2327,4c063ac9d3842d7f1c3fbf41
2333,4c082c5a340720a116b98293
2354,4c12a5d9a5eb76b09a90beb7
2358,4c13d7d482a3c9b68536fcf8
2375,4c1a47228b3aa5936051955f
2393,4c23b6c5136d20a1bda8e061
2394,4c23e755f7ced13a3dfd216d
2396,4c254ba6136d20a19f63e361
2400,4c29f2e597d00f47f02442ea
2405,4c2a9a6ab34ad13a0196e8ce
2417,4c320a13452620a13f68210f
2419,4c329d79213c2d7f4fcd355d
2435,4c36139d3849c9287f68bbb1
2441,4c38ced2ae2da593576301c6
2457,4c40f8ab520fa59343f3c8ac
2481,4c4dcaa49efabe9a41cc1569
2491,4c521c3d99ecc9b6a2c05d5a
2494,4c531b5530f92d7f4dee3eb8
2495,4c53550d72cf0f478917abd2
2499,4c550d5afd2ea593c95a112b
2542,4c6d970b6af58cfa36ec8917
2546,4c6fc1379375a0930fc70437
2584,4c7e76bc9221236a772b823d
2591,4c81387e51ada1cd08ba1010
2602,4c87dda73d15a1cd3f081c28
2606,4c896e121dcd199c41a04c1b
2612,4c8cf3e9509e37043cb33755
2623,4c93b34721c7199c14740b7f
2629,4c97edbdf419a09395806b88
2649,4ca73d06b7106dcb6fb065a5
2674,4cbca639adcd5481da8e2fa2
2677,4cbe5493611abfb717f5a405
2680,4cc080619ca8548179d7bc16
2688,4cc5cab41e596dcb1766da67
2725,4cdacd78958f236a8e1fa903
2731,4cdeb1d2c4f6a35de46bcb6c
2753,4cf2622de9425481cbe96fc5
2778,4d1266ff12916dcb8daad58a
2789,4d1cf67b756e8cfa797c4a54
2805,4d2fe29e4db13704a1fef55d
2807,4d32037f5c2db60c8ddebd6c
2828,4d447209befe236a18f7f4e2
2832,4d48864b551db1f722e9a330
2869,4d671a927579224b1397fc99
2897,4d8393ded5fab60c2654cf9b
2900,4d8512acd5fab60c65eaef9b
2901,4d857db65ad3a0938b29e7fd
2912,4d8fb0e1b46488bf0e3adda2
2951,4da7a737ec8ebe7ddcd287f2
2962,4dadfa8d4df0f639f24297c5
2973,4db87c0dfc608240bc2cf251
2976,4db99e916a2334682dac5e74
2979,4dbae167cda109aa6c72b72f
2997,4dcc6efd22716e1aafb5a5ac
3002,4dd17130d164679b8d47054b
3014,4dd7c0afd1647fcf3e518ff3
3030,4ddfe4311f6ed1828c5fc861
3073,4df6ad65c65b87473b0518e8
3083,4e00c3177d8beaa1649d7a7e
3127,4e1b799ed22ddd4af9ed7dd8
3136,4e2593e118388c58be2d3573
3141,4e26ef40a809510950dbce03
3142,4e26fd0f1f6eb1ae139ad929
3148,4e286ba7ae60078b2fcb1551
3165,4e34496fa8092599edf845bb
3172,4e35a4a3d22d86185a6e5f2d
3176,4e37e5de1838d056d2767a96
3191,4e43461dfa76eeb2dab61834
3193,4e4418ef1838e44e89884745
3205,4e4c36afbd41b9fca4317c1c
3206,4e4d9c17814dd49447e709e1
3221,4e54305d22710ebb5a878664
3224,4e555a38b0fb1e5686bd6646
3253,4e628332d22d509a39a9a788
3263,4e6799c7b9939a72b317decd
3288,4e7003401838f0daa0640eea
3297,4e7393931495dffb8efa57da
3313,4e7cb926d22d882fa2db3f06
3420,4eca62a99adf9c7bf6626dc2
3427,4ed1b3bd8b81b473982a1b30
3428,4ed1c86df9f406f6fe8c958c
3431,4ed30e36f5b9832add56cf47
3448,4edcd8df0e61d46adae722a0
3460,4ee039c72c5bb0e03e90c60d
3471,4eea9e1793adad8125ddf4cb
3476,4eebb080c2ee434b71535d86
3477,4eebf2a48231688f1ca181db
3520,4f13f6686d863f284d12387c
3538,4f2061d7e4b089ad65f8c158
3591,4f43812ce4b09d14bc86a290
3613,4f595545e4b081a30ea1f6b7
3621,4f5fcda9e4b071906baf9e2a
3623,4f610f03e4b00c2affddacea
3631,4f63d1cae4b02cbb7e75b3ce
3660,4f824b51e4b05766b36ffce0
3672,4f90c41de4b07256ede0e54a
3673,4f933a34e4b04c0b8ce16750
3678,4f969d9ee4b0c9bdccab3c57
3681,4f984ef3e4b0a6559c7cc3c4
3682,4f98edffe4b0dfd7ff4b23f3
3683,4f99ce90e4b0193a1e4a7613
3686,4f9c7bc9e4b0873b678dd0dd
3692,4fa164b5e4b0cca3845819d1
3699,4fa4a231e4b09571de93b9a7
3714,4fb18686e4b0119ccdadc772
3728,4fc64601e4b00d5559a7ac5c
3729,4fc6d424e4b08f659ecd5278
3730,4fc79283e4b0f64664f98a68
3741,4fd18435e4b0753b24f20b97
3754,4fe3c2ffe4b090323d44dca0
3762,4ff4c10ce4b01d081f52b0b8
3764,4ff6b4bde4b01ead01ee925a
3771,5005f610e4b0094cc544a6d7
3777,50115c25e4b0073bcf08a4f2
3783,5021bef1e4b06ad0b71cc1c7
3796,504e090fe4b050eb2b41b095
3807,5090bc9be4b063c640ba5333
3808,509466b9e4b0f7ee4ad3d67f
23,3fd66200f964a52019eb1ee3
32,3fd66200f964a52024e41ee3
36,3fd66200f964a5202be41ee3
40,3fd66200f964a52032e91ee3
61,3fd66200f964a52046e71ee3
71,3fd66200f964a52054e91ee3
72,3fd66200f964a52056e71ee3
113,3fd66200f964a52093ea1ee3
117,3fd66200f964a5209beb1ee3
166,3fd66200f964a520dee51ee3
170,3fd66200f964a520e1f01ee3
175,3fd66200f964a520e9e81ee3
177,3fd66200f964a520f3e71ee3
199,40a16900f964a520f9f21ee3
204,40b68100f964a52085001fe3
212,40de0e00f964a52089011fe3
217,40f1d480f964a5205b0a1fe3
218,40f1d480f964a5206a0a1fe3
246,4169cd00f964a5208a1d1fe3
252,41a12c00f964a5203a1e1fe3
263,42225f00f964a520ae1f1fe3
274,424de080f964a520af201fe3
275,424de080f964a520b6201fe3
287,427d5680f964a520a8211fe3
289,42814b00f964a52000221fe3
295,4283ee00f964a5209d221fe3
319,4320d080f964a52090271fe3
324,434da380f964a520a5281fe3
325,4356de00f964a520d2281fe3
327,435c2400f964a52012291fe3
330,437d1980f964a520a82a1fe3
332,4388f700f964a520182b1fe3
348,43cb5586f964a520b92d1fe3
372,4459f9bff964a520e1321fe3
373,44780b6cf964a520c3331fe3
390,44d7b1f3f964a52070361fe3
409,451d2920f964a5208d3a1fe3
424,4573c09bf964a520893e1fe3
426,4577fb0bf964a520b03e1fe3
439,45b9eeecf964a520db411fe3
441,45d1a484f964a520af421fe3
447,4606214ef964a520c6441fe3
456,4665447af964a5207f471fe3
460,468518bff964a52032481fe3
466,46be68fef964a520e2491fe3
471,46cc7756f964a5203b4a1fe3
492,4758483af964a520cc4c1fe3
511,485e640df964a520d7501fe3
534,49b50c87f964a520f4521fe3
585,49ccb947f964a5208c591fe3
593,49cf9381f964a520af5a1fe3
625,49de2becf964a5202b601fe3
628,49e28781f964a52037621fe3
673,49f35e1ef964a520946a1fe3
693,49fca93df964a520c86e1fe3
694,49fce426f964a520ed6e1fe3
695,49fe029cf964a5205d6f1fe3
698,49ff53e6f964a5200c701fe3
713,4a065273f964a520ec721fe3
720,4a078b2ff964a5207f731fe3
721,4a07ac6af964a5208f731fe3
733,4a0f1baef964a52026761fe3
743,4a14d7c6f964a52083781fe3
751,4a19d10ff964a520597a1fe3
787,4a3545aaf964a520b29c1fe3
802,4a3d4aecf964a52012a21fe3
810,4a3ffdc5f964a5202da41fe3
840,4a464a63f964a520a3a81fe3
879,4a58d0acf964a520f6b71fe3
885,4a5a713bf964a52054ba1fe3
918,4a65b705f964a5208fc71fe3
924,4a674aa8f964a5201fc91fe3
935,4a69bf87f964a52001cc1fe3
936,4a69c63bf964a52006cc1fe3
942,4a6b310df964a52024ce1fe3
992,4a78c5fff964a52063e61fe3
1003,4a7c6d9bf964a52091ec1fe3
1010,4a7e59fdf964a520ccf11fe3
1011,4a7f0913f964a5208af21fe3
1013,4a7f68e6f964a520eff31fe3
1029,4a83080ff964a520e1f91fe3
1043,4a86fe6cf964a520020220e3
1044,4a871b30f964a5209a0220e3
1046,4a884649f964a520ad0520e3
1056,4a8c017df964a520dc0c20e3
1097,4a988723f964a520832c20e3
1107,4a9b0e2cf964a520373420e3
1111,4a9bfd37f964a520a23520e3
1113,4a9c60eef964a520ff3620e3
1132,4aa3ed73f964a520604420e3
1133,4aa42b50f964a520a44520e3
1138,4aa57787f964a5207c4820e3
1163,4aad54f5f964a520be5f20e3
1173,4ab172a4f964a520816920e3
1190,4ab7e0d7f964a520417b20e3
1195,4ab92827f964a520417e20e3
1198,4ab9520bf964a520ef7e20e3
1208,4abbe19ef964a520548520e3
1209,4abbfc4af964a520ce8520e3
1211,4abce119f964a520878720e3
1220,4ac0ecf1f964a520019520e3
1245,4acbe67af964a52044c820e3
1279,4ad4b49af964a520c4e820e3
1299,4ad854bbf964a5200b1121e3
1302,4ad8fa6ef964a520ac1621e3
1345,4ae20b16f964a5201b8a21e3
1346,4ae23a21f964a5200a8c21e3
1350,4ae30a56f964a520139021e3
1363,4ae5a028f964a52022a121e3
1370,4ae773b7f964a52070ab21e3
1372,4ae8906ef964a52071b021e3
1406,4af1d4c8f964a52099e321e3
1411,4af318f0f964a5209fea21e3
1419,4af63834f964a520600222e3
1445,4aff3636f964a520ed3522e3
1446,4aff5980f964a5209c3722e3
1458,4b039599f964a520d44f22e3
1484,4b0aa3eff964a520e12523e3
1505,4b111995f964a520107823e3
1508,4b11a66cf964a5206a8123e3
1531,4b19bf81f964a52050e323e3
1538,4b1c321ff964a520070424e3
1554,4b21978ef964a5208b3e24e3
1604,4b34cf68f964a520a62825e3
1645,4b44ca31f964a5203ffc25e3
1650,4b461735f964a5200c1626e3
1675,4b4cd551f964a520c8c026e3
1708,4b527fdcf964a520028027e3
1729,4b566d80f964a520f10f28e3
1742,4b5848d0f964a520f55028e3
1772,4b5e5125f964a520488929e3
1773,4b5e70e7f964a520d08e29e3
1779,4b5f8cb2f964a520ffc029e3
1795,4b6225edf964a52086382ae3
1798,4b636f5df964a5209d792ae3
1828,4b6b5abff964a520fb022ce3
1830,4b6c43a2f964a5208a2c2ce3
1833,4b6c5c9cf964a520b2332ce3
1842,4b6ecd58f964a5203acb2ce3
1855,4b716ba6f964a520c2452de3
1861,4b722301f964a52079702de3
1912,4b854b28f964a520045531e3
1913,4b85704ff964a520f25d31e3
1916,4b857b2ff964a520b66031e3
1917,4b85a31cf964a520296a31e3
1922,4b86926ef964a520209031e3
1961,4b93f367f964a520565c34e3
1973,4b97f2e5f964a5209a2135e3
1995,4b9eb87ef964a52075fc36e3
2023,4ba66fc6f964a520465239e3
2031,4ba83a9cf964a52054d239e3
2042,4bab9c66f964a520e8b83ae3
2056,4baf87f7f964a520b7073ce3
2078,4bb8eb3ecf2fc9b65506a002
2084,4bbad97d935e95210a982890
2107,4bc19d1e920eb71359fe1a2c
2111,4bc36e134cdfc9b6c3569721
2116,4bc4946db492d13a0835aa60
2118,4bc4aa3ab492d13a4e5baa60
2136,4bc8756114d79521650f69e9
2203,4bdc528dfed22d7fcea057c9
2204,4bdc9fb73904a59345084f9e
2228,4be3885e99feb7138a1082f6
2240,4be767efd4f7c9b610e02720
2271,4bf56dceff90c9b6065c5628
2280,4bf703f113aed13ad1a3eaf7
2293,4bfd0081bf6576b0cf91acb8
2315,4c020c87fd082d7f1aed0785
2339,4c0a9f936071a593f3e4df32
2341,4c0b32d37e3fc928650bf582
2351,4c11a4806e5dc9b66490b02d
2366,4c1836421436a593271a8d75
2380,4c1c47d601379521e50a47f3
2388,4c1fb303bd9d95211254983f
2395,4c252fc0136d20a1dc26e361
2406,4c2b3c7c57a9c9b63a86f567
2427,4c33f4eded37a593df456e03
2428,4c34858f66e40f47009fc98b
2430,4c34ba027cc0c9b60ed1f39a
2436,4c3725790a71c9b60a3f3ec9
2470,4c4762281ddec928042a9d32
2522,4c632e20de1b2d7fc92ee470
2541,4c6d8a2d65eda093cfec4ed0
2554,4c72866657b6a1435ea6c5cc
2556,4c7541f11b30a093b5c6ee09
2559,4c769e21b474a1cd737cbcbf
2575,4c7c0f00794e224b4b266d28
2583,4c7e630a5af8b60c9d419210
2589,4c7fc79ed860b60c8ad9619d
2600,4c87c2c6cedc224b973f7fb6
2605,4c89581d52a98cfabc0023e9
2634,4c9a57cc78fc236aa3b83497
2635,4c9a7efb971676b04a9755e2
2642,4ca38cf55720b1f71fc632ef
2660,4cb1e95deb65b1f7025278cd
2661,4cb1fa623f0676b0a417fd0c
2664,4cb4ad0f07bab713fa9d50cc
2705,4ccff17b7f56a1439b79caa6
2710,4cd302589828b60cb43fd384
2727,4cdc24343f6a8cfade82efea
2737,4ce31b0d7e9b721e92a534f1
2740,4ce6d20af08f8eece5b40130
2755,4cf4571d8333224b72831a8e
2756,4cf526178333224b089d1e8e
2770,4d051e8128926ea8c31e6fc2
2777,4d0ef5e271e8a1cde47078bd
2790,4d21fb8429292d436d6f5274
2816,4d3934d0c52854811665e0b9
2824,4d40b56fb7c25941ca6abbdb
2825,4d41bfa200e8a35d1e4207fb
2826,4d4218cd607b6dcb31df08c6
2833,4d4b5ceb8e948cfa35fcef48
2834,4d4c4aa49bbb721e6a5a91a0
2849,4d573ff9e7f1a1cd258611a5
2859,4d5c7eb11ef2f04de5bef5cd
2866,4d658826cf2bb60c183ea8bc
2880,4d6e5bbc2e6ea093ad881c50
2893,4d7fb76bdd4a6ea800ff7f25
2921,4d94a4afcf46224b31709994
2943,4da4881522a5f04d67b03a55
2948,4da67357fa8c94f8b84febaa
2952,4da7cf1981541df437af6cf7
2953,4da8562c0cb65e9aae656017
2955,4da9e6adfc607fc998b7d3d6
2959,4dab7425fa8cc764974da770
2986,4dc433ced4c0ad9c0f6880d4
2987,4dc57b9352b1e8f9f7d51323
2991,4dc864a8e4cd5bc076742388
2993,4dc87e4b2271353fc8dee748
3004,4dd2768ad22d67839c5be4c0
3012,4dd6bbc6e4cd37c8939a2fb7
3034,4de1b34ec65b7a3e2109e46f
3037,4de3104b18385df2b03405ec
3056,4dec2ba1b0fb8293f80250c8
3061,4defd1aa1f6e6d35418a6dc7
3074,4df6cab0aeb7da11e1a72c4c
3089,4e049b5b7d8b00eb78c1d4c0
3112,4e1529cffa764fb14ae5558e
3159,4e30464e7d8bf59d291f2ac5
3177,4e38769214959f85779f8375
3183,4e3b4b9052b1a04afefc156d
3195,4e46948162845e1d3c92eb7d
3201,4e49e8d87d8b3dcca354c2be
3218,4e52d190091aa2eef14de455
3220,4e540e4018381367473717c8
3231,4e56dcb252b1d8d4e3115217
3237,4e57cc89b0fb4c4d61f5cd69
3239,4e59ca2faeb7d78d9f7cda81
3257,4e653502b61cd78089bf5a4c
3258,4e6563b4091afcffda032627
3268,4e6938ef45dd0f430c1834c5
3285,4e6f593d88779c905de9cfa7
3298,4e73cf3a2271ffa4e63183bd
3300,4e742aabc65bb91db3cadb79
3308,4e7a39122271920e476b47e3
3316,4e7ea6e793adeda960d078c3
3336,4e8b9f70f5b91e22553ad7e5
3355,4e96ddb49adf7f572e17e445
3359,4e9b4e190aaf5f690eb1a7bf
3368,4ea30b3a29c2abc8df0d4175
3387,4eb27667490126a5703b7af8
3396,4eba3331722edc0eaf1762bb
3399,4ebd265cb8f7b504a7528ddf
3404,4ec18e816c25dfd9826e9cbc
3406,4ec278abe5fae16465a9058e
3433,4ed6316a2c5b3d826e649dbf
3435,4ed6adfce5fabbd89f617d4f
3439,4ed7c726f5b915cfe2a874f5
3447,4edcd3198231efe39240ba6f
3451,4edcf3dea17c4dbad1071e53
3456,4eddb3bc30f83fb7a09041b2
3461,4ee03cc6d3e38ddb2a91672f
3468,4ee65fa48b81bab285422aa2
3495,4efd1635f790570bcf88cbfd
3502,4f03fee92c5b145d090cc4fe
3513,4f0f2da5e4b01660de447b3b
3526,4f18c2bae4b01afe9b095a02
3528,4f1999ade4b08b384e4c2208
3546,4f25dc11e4b063d402001061
3568,4f34533f754a657ca23ac8d7
3570,4f36b52de4b02a70e07ad7c5
3594,4f45cd0ee4b04ef91cef1f84
3601,4f513d70e4b063296bba53cc
3606,4f53a53be4b0ddd8f8610868
3630,4f6320a7e4b0b3b496002a34
3633,4f66b7c3e4b08ac7271179ee
3636,4f689a69e4b0c2cd00973b09
3648,4f71e4207beb1d18abcc9648
3649,4f74a494e4b0da64dfe954dd
3652,4f75b8e7e4b0b8451d425348
3653,4f77e3d9e4b06ff836a5b1d9
3661,4f858f16e4b062a5567c12c4
3670,4f905671e4b05b1cb7740ec4
3674,4f93baf21081cba0060643f0
3684,4f9b8176e4b0de62673eca1f
3691,4fa16401e4b0dae72e3925a3
3704,4fa8262ee4b0baf7cf42cad7
3720,4fb946fae4b0bb5119584b08
3752,4fe1dfe2e4b0f74ef1ca2626
3753,4fe203d8e4b09e457c0a37cf
31,3fd66200f964a52023e81ee3
38,3fd66200f964a5202ee81ee3
46,3fd66200f964a52036ea1ee3
70,3fd66200f964a52053eb1ee3
79,3fd66200f964a5205fe41ee3
92,3fd66200f964a5206de71ee3
135,3fd66200f964a520b8e31ee3
162,3fd66200f964a520dce31ee3
164,3fd66200f964a520dde31ee3
181,3fd66200f964a520f6e61ee3
206,40bbc700f964a520a2001fe3
235,411ff900f964a520290c1fe3
249,4176fc00f964a520b61d1fe3
267,42377700f964a52024201fe3
283,4276bf00f964a5208b211fe3
288,427ff980f964a520b7211fe3
291,42829c80f964a52032221fe3
315,42ffdb00f964a520f5261fe3
317,43125000f964a52058271fe3
355,43ed7e9ef964a5204e2f1fe3
356,43edddc3f964a520552f1fe3
358,43fa07c9f964a520d92f1fe3
363,44113ab4f964a520c8301fe3
396,44e36de7f964a52040371fe3
411,452d6886f964a5204a3b1fe3
413,4531059cf964a520683b1fe3
430,45938647f964a52045401fe3
431,45940e37f964a52055401fe3
446,45f5a0e6f964a52018441fe3
448,46093845f964a520e3441fe3
450,460d4b1ef964a52004451fe3
474,46d28fdff964a520544a1fe3
478,46e64370f964a520be4a1fe3
499,47fdf872f964a520e14e1fe3
506,4840fe6bf964a52030501fe3
513,4864629bf964a520e6501fe3
517,488deef8f964a52058511fe3
537,49b79f54f964a5202c531fe3
548,49bbf847f964a520ff531fe3
596,49d012ecf964a520fc5a1fe3
618,49da73e1f964a5208a5e1fe3
620,49db721df964a520d35e1fe3
639,49e62e17f964a5201a641fe3
642,49e6ab3cf964a52064641fe3
651,49ecb093f964a52071671fe3
654,49edd0a5f964a520fa671fe3
658,49ee4554f964a52042681fe3
669,49f201def964a520cc691fe3
674,49f37b88f964a520a26a1fe3
676,49f39d66f964a520c06a1fe3
705,4a01f87bf964a5201a711fe3
709,4a02d6f9f964a5206e711fe3
719,4a07535af964a5204c731fe3
740,4a1467b2f964a52034781fe3
752,4a19d1edf964a5205a7a1fe3
776,4a303a66f964a52036991fe3
811,4a40e23df964a520a8a41fe3
828,4a43ae41f964a520aba61fe3
834,4a43c0aef964a520c6a61fe3
837,4a4560a7f964a5201aa81fe3
857,4a4fdd40f964a520c8af1fe3
858,4a50f449f964a5204fb01fe3
861,4a513b17f964a520d2b01fe3
877,4a58ae56f964a520a8b71fe3
883,4a5a3dc2f964a520f7b91fe3
915,4a65102bf964a5203bc71fe3
920,4a660f0bf964a520eac71fe3
950,4a6d2857f964a5209fd21fe3
969,4a71e101f964a520c4d91fe3
972,4a728f52f964a52037db1fe3
975,4a732ac9f964a520b9db1fe3
993,4a78f566f964a520b2e61fe3
995,4a79e11af964a520e0e71fe3
999,4a7a0b43f964a5204be81fe3
1000,4a7b0f1af964a520e8e91fe3
1007,4a7dcf5cf964a520b5ef1fe3
1019,4a80af37f964a520eaf51fe3
1035,4a843826f964a520f2fb1fe3
1041,4a859ca3f964a520a5fe1fe3
1057,4a8c0960f964a520e50c20e3
1093,4a972133f964a520982820e3
1098,4a98966ff964a520d42c20e3
1114,4a9c9100f964a5208f3720e3
1118,4a9e5cbbf964a520193a20e3
1135,4aa512c5f964a5205e4720e3
1217,4abe3770f964a520078c20e3
1252,4ace64bef964a52053d020e3
1286,4ad607d3f964a520a10421e3
1304,4ad9267ef964a5209b1821e3
1314,4adc960bf964a520932d21e3
1316,4adca802f964a520632e21e3
1331,4addfb00f964a5200a6721e3
1352,4ae32263f964a520ca9021e3
1373,4ae8915df964a52079b021e3
1376,4ae9014af964a520f4b321e3
1384,4aeaf5c4f964a520e7bc21e3
1389,4aed0b8cf964a520ebcc21e3
1394,4aee3aa5f964a5201bd321e3
1431,4afb2990f964a520a91b22e3
1433,4afb634af964a520951d22e3
1435,4afcad9ff964a520052522e3
1438,4afd738bf964a520e92722e3
1447,4b004499f964a520253c22e3
1460,4b047731f964a520645422e3
1475,4b0800f9f964a5202a0223e3
1483,4b0a9290f964a520352523e3
1495,4b0dc4abf964a520b64f23e3
1516,4b13f893f964a520169b23e3
1551,4b208e76f964a520213324e3
1562,4b23edfcf964a5201e5d24e3
1578,4b28fd2af964a520039724e3
1621,4b3a2fddf964a5200d6225e3
1634,4b40cf3df964a5206bbb25e3
1635,4b4114a7f964a520bbc025e3
1648,4b457998f964a5201d0d26e3
1653,4b467dd6f964a520832226e3
1666,4b4b82fef964a520a99e26e3
1673,4b4caf4bf964a52035ba26e3
1681,4b4ec3acf964a52029f526e3
1688,4b4fbddbf964a520891327e3
1694,4b50f1b7f964a520db3927e3
1707,4b526d05f964a520ab7c27e3
1717,4b53da66f964a5203cad27e3
1740,4b5764b8f964a5207a3528e3
1752,4b5b0144f964a5205fde28e3
1756,4b5b5a84f964a5201af728e3
1775,4b5f0221f964a520fea129e3
1784,4b607313f964a5209be629e3
1791,4b61a925f964a520231c2ae3
1792,4b61b0f4f964a520581d2ae3
1822,4b68ad82f964a52092862be3
1840,4b6daa1cf964a52072842ce3
1858,4b71f6c5f964a52010672de3
1880,4b79975af964a520e2032fe3
1938,4b8ca10bf964a520c5d832e3
1944,4b8daff6f964a520a60833e3
1951,4b91836bf964a52017c233e3
1980,4b992b04f964a520726635e3
1986,4b9a58e0f964a520e0ad35e3
1994,4b9e63dcf964a52069df36e3
2000,4b9fc0fff964a520873b37e3
2018,4ba40ca1f964a520be7b38e3
2027,4ba6c2c2f964a520ee6d39e3
2029,4ba77b40f964a5202b9739e3
2080,4bb9d3e798c7ef3bb2573202
2081,4bb9f4693db7b713b4b2229a
2091,4bbd05d34e069c74813f9ee3
2105,4bc0cc22920eb713b995192c
2165,4bd1b96a77b29c7439118d82
2170,4bd39c8241b9ef3b3fab00e6
2183,4bd6cef97b1876b0f9018d86
2196,4bdae4a22a3a0f477369acb6
2208,4bdf18206198c9b6bced15ff
2209,4bdf2151ea279c74727de22b
2216,4be1910358102d7faed64156
2224,4be3499f1dd22d7fdd4296bd
2237,4be5dfe9910020a13ea2d314
2238,4be63bdd910020a1452cd414
2243,4be9bd54415e20a19633e4bb
2259,4bf1906899d02d7f9048c948
2276,4bf6bda6b182c9b66869745a
2295,4bfd63edf7c82d7f831d8e04
2317,4c02c91d0d0e0f47c9a6019a
2323,4c05304339d476b0227b32a7
2350,4c1188aad917c92892f4b562
2357,4c13a8c6b7b9c928d5dfa937
2383,4c1d8fb5b306c92891dc65b7
2398,4c2603d9905a0f47456c6260
2403,4c2a86178abca593f5d1fe1f
2437,4c374bf80a71c9b6f2893ec9
2438,4c37801edfb0e21e52e7aca8
2451,4c3d106fb169c9b6d3a24668
2474,4c4b15acc668e21e8d0094f9
2475,4c4b52ce9e6dbe9acbd4e10b
2477,4c4b8380bad7a5934110efab
2488,4c51a6d03940be9a09403809
2490,4c520b3b9426c92881c4bf74
2517,4c60606413791b8dc5624faf
2518,4c619e7feb82d13aa96a03d6
2523,4c634bfee1621b8da8c42553
2531,4c6856cd7963be9ad63dcdbc
2577,4c7d0ee5247cb60c0cbd5f5e
2621,4c9285e26cfea093756eb28b
2638,4c9bd3ac542b224b8d0fdb9f
2644,4ca489a2a73cb60c00d62178
2648,4ca6923314c33704b345c13b
2675,4cbcafab035d236aebebe64e
2716,4cd5ebf57da9a35d56bcecb9
2720,4cd84a313ec4b1f763cdbd3f
2722,4cd95a235e1b721e58b23ed9
2733,4ce08a08ffcf370469b12082
2734,4ce157ff0de52c0f62a0a10c
2765,4d02d8b726adb1f76cd2c870
2769,4d04e9d07d9ba35daa7f6823
2776,4d0a9b2f27f8a35dd0432713
2784,4d16782be190721e65dc1421
2787,4d1b81e99aa5548136c5cee0
2791,4d226b656e8c3704e69c0ba0
2799,4d291bbe6e27a1435d752124
2872,4d69f050de28224b66164abe
2882,4d73e6e49d2fa1430d58e9d6
2887,4d7cfb747498a1cd0d4087fc
2916,4d90ef861716a1430e6d6df7
2969,4db617c76e8179a9139d7b58
2972,4db84a97f7b15ca52ce70e7f
2994,4dca93f7b0fb9c8f8ae8691f
2998,4dcf439b52b1f8915bacf008
3011,4dd6b3bd81dcd5bca59a8276
3031,4ddfe92e8877e0877e661125
3035,4de23e57e4cd056f743ea6f3
3039,4de42417fa7651589f27bc0b
3043,4de5835118389f0558645667
3047,4de799c81fc7fcfe04ac2f06
3049,4de8584d1838b9ad8d0cff22
3055,4deaecb2e4cdc079f49247db
3057,4ded31a052b13dda25dba0e8
3070,4df38937d1649c8a28e34ae3
3075,4df8aa53b0fb9724c5d92ac1
3077,4dfa853818a8ab1870be7385
3080,4dff64a9a809baedbd915521
3091,4e050c11aeb74c399100f847
3107,4e0ea32952b1b27c1b897cba
3109,4e125d71d22d759bae6aeaa6
3122,4e18dbedae6092c27656cead
3152,4e2aefd4aeb745b1fabd9ba8
3162,4e318986628430b0810ec190
3186,4e3de1a7c65b4ec275e98c0a
3229,4e56634545dd92275e4c30d9
3230,4e56cfc3aeb784cb898d51cb
3245,4e5d6ecf1f6e330fd1b68420
3249,4e5fbb62d164df36c401d705
3252,4e616afe7d8b85408936dc9d
3269,4e69aae8d4c01ce0173b3be4
3273,4e6aa429b61cc3728dafe88b
3279,4e6d062f483b1f5ebe55b4c4
3303,4e77e40118387f865961f673
3320,4e7fc0019adffe8cdf3b2198
3326,4e863b32f790e3cd5056eff1
3339,4e8c7a42c2ee854c75d05669
3344,4e8f31f002d5ee38b647719b
3352,4e944f845c5c9bf8ad82d492
3362,4e9cab36b8f77a8b46dd92b4
3370,4ea37694b6347b99683dcb09
3374,4ea5a1bcf7909c68df719911
3395,4eb9f83ccc21a9a7a1b2c579
3415,4ec5763082313b67305ea39a
3418,4ec9763849010f98cee35863
3425,4ecee40d02d5feaa1a85a14d
3446,4edbdcdf9a5286d9211cacd6
3455,4edd8695b6344371fa9a73cd
3464,4ee13a16775b24730288e9f3
3511,4f0a4ea7e4b033211b9d7660
3515,4f1022a5e4b047204346ad31
3524,4f174bfee4b078805c24065f
3564,4f3280d6e4b0a160e8bd00c6
3583,4f3d9498e4b0fbbbd6b25528
3607,4f5455b3e4b050039fa910c4
3617,4f5e0565e4b008b158a75a13
3619,4f5eae8be4b0f5c1d0b02144
3622,4f60c8d5e4b06b5513b364a8
3628,4f628d17e4b0ce431b69bafc
3629,4f629f29e4b09ff9badbf658
3646,4f7042d4a17cff2ad64f4951
3666,4f8c5995e4b00597a0fd48fe
3719,4fb93e19e4b04abc0c479bec
3724,4fbfe16ae4b05190680fe0b1
3745,4fd51cf2e4b0211979c2e273
3786,502826a4e4b0f23b022f3a5e
3815,50c0437f498ef71d06056bcd
